run,method,iterations,runtime,tp,fn,fp,tn,accuracy,precision,recall,specificity,f1
run_01,PSO,10,31.0,17,9,0,88,0.9210526315789473,1.0,0.6538461538461539,1.0,0.7906976744186047
run_01,PSO,20,65.0,17,9,0,88,0.9210526315789473,1.0,0.6538461538461539,1.0,0.7906976744186047
run_01,PSO,30,102.0,17,9,0,88,0.9210526315789473,1.0,0.6538461538461539,1.0,0.7906976744186047
run_01,PSO,40,139.0,17,9,0,88,0.9210526315789473,1.0,0.6538461538461539,1.0,0.7906976744186047
run_01,PSO,50,168.0,17,9,0,88,0.9210526315789473,1.0,0.6538461538461539,1.0,0.7906976744186047
run_01,PSO,60,235.0,17,9,0,88,0.9210526315789473,1.0,0.6538461538461539,1.0,0.7906976744186047
run_01,PSO,70,274.0,17,9,0,88,0.9210526315789473,1.0,0.6538461538461539,1.0,0.7906976744186047
run_01,PSO,80,324.0,17,9,0,88,0.9210526315789473,1.0,0.6538461538461539,1.0,0.7906976744186047
run_01,PSO,90,373.0,17,9,0,88,0.9210526315789473,1.0,0.6538461538461539,1.0,0.7906976744186047
run_01,PSO,100,419.0,17,9,0,88,0.9210526315789473,1.0,0.6538461538461539,1.0,0.7906976744186047
run_01,DAPSO-4,10,19.0,22,4,9,79,0.8859649122807017,0.7096774193548387,0.8461538461538461,0.8977272727272727,0.7719298245614036
run_01,DAPSO-4,20,37.0,22,4,10,78,0.8771929824561403,0.6875,0.8461538461538461,0.8863636363636364,0.7586206896551724
run_01,DAPSO-4,30,52.0,21,5,8,80,0.8859649122807017,0.7241379310344828,0.8076923076923077,0.9090909090909091,0.7636363636363636
run_01,DAPSO-4,40,69.0,22,4,9,79,0.8859649122807017,0.7096774193548387,0.8461538461538461,0.8977272727272727,0.7719298245614036
run_01,DAPSO-4,50,99.0,22,4,8,80,0.8947368421052632,0.7333333333333333,0.8461538461538461,0.9090909090909091,0.7857142857142856
run_01,DAPSO-4,60,119.0,22,4,8,80,0.8947368421052632,0.7333333333333333,0.8461538461538461,0.9090909090909091,0.7857142857142856
run_01,DAPSO-4,70,143.0,22,4,8,80,0.8947368421052632,0.7333333333333333,0.8461538461538461,0.9090909090909091,0.7857142857142856
run_01,DAPSO-4,80,168.0,22,4,8,80,0.8947368421052632,0.7333333333333333,0.8461538461538461,0.9090909090909091,0.7857142857142856
run_01,DAPSO-4,90,194.0,22,4,8,80,0.8947368421052632,0.7333333333333333,0.8461538461538461,0.9090909090909091,0.7857142857142856
run_01,DAPSO-4,100,218.0,22,4,8,80,0.8947368421052632,0.7333333333333333,0.8461538461538461,0.9090909090909091,0.7857142857142856
run_01,DAPSO-10,10,14.0,22,4,9,79,0.8859649122807017,0.7096774193548387,0.8461538461538461,0.8977272727272727,0.7719298245614036
run_01,DAPSO-10,20,30.0,22,4,7,81,0.9035087719298246,0.7586206896551724,0.8461538461538461,0.9204545454545454,0.8
run_01,DAPSO-10,30,42.0,22,4,9,79,0.8859649122807017,0.7096774193548387,0.8461538461538461,0.8977272727272727,0.7719298245614036
run_01,DAPSO-10,40,63.0,22,4,8,80,0.8947368421052632,0.7333333333333333,0.8461538461538461,0.9090909090909091,0.7857142857142856
run_01,DAPSO-10,50,80.0,22,4,8,80,0.8947368421052632,0.7333333333333333,0.8461538461538461,0.9090909090909091,0.7857142857142856
run_01,DAPSO-10,60,101.0,22,4,8,80,0.8947368421052632,0.7333333333333333,0.8461538461538461,0.9090909090909091,0.7857142857142856
run_01,DAPSO-10,70,122.0,22,4,8,80,0.8947368421052632,0.7333333333333333,0.8461538461538461,0.9090909090909091,0.7857142857142856
run_01,DAPSO-10,80,139.0,22,4,8,80,0.8947368421052632,0.7333333333333333,0.8461538461538461,0.9090909090909091,0.7857142857142856
run_01,DAPSO-10,90,159.0,22,4,8,80,0.8947368421052632,0.7333333333333333,0.8461538461538461,0.9090909090909091,0.7857142857142856
run_01,DAPSO-10,100,176.0,22,4,8,80,0.8947368421052632,0.7333333333333333,0.8461538461538461,0.9090909090909091,0.7857142857142856
run_02,PSO,10,37.0,21,5,20,68,0.7807017543859649,0.5121951219512195,0.8076923076923077,0.7727272727272727,0.6268656716417911
run_02,PSO,20,85.0,21,5,20,68,0.7807017543859649,0.5121951219512195,0.8076923076923077,0.7727272727272727,0.6268656716417911
run_02,PSO,30,122.0,21,5,20,68,0.7807017543859649,0.5121951219512195,0.8076923076923077,0.7727272727272727,0.6268656716417911
run_02,PSO,40,158.0,21,5,20,68,0.7807017543859649,0.5121951219512195,0.8076923076923077,0.7727272727272727,0.6268656716417911
run_02,PSO,50,192.0,21,5,20,68,0.7807017543859649,0.5121951219512195,0.8076923076923077,0.7727272727272727,0.6268656716417911
run_02,PSO,60,254.0,21,5,20,68,0.7807017543859649,0.5121951219512195,0.8076923076923077,0.7727272727272727,0.6268656716417911
run_02,PSO,70,278.0,21,5,20,68,0.7807017543859649,0.5121951219512195,0.8076923076923077,0.7727272727272727,0.6268656716417911
run_02,PSO,80,344.0,21,5,20,68,0.7807017543859649,0.5121951219512195,0.8076923076923077,0.7727272727272727,0.6268656716417911
run_02,PSO,90,386.0,21,5,20,68,0.7807017543859649,0.5121951219512195,0.8076923076923077,0.7727272727272727,0.6268656716417911
run_02,PSO,100,430.0,21,5,20,68,0.7807017543859649,0.5121951219512195,0.8076923076923077,0.7727272727272727,0.6268656716417911
run_02,DAPSO-4,10,25.0,20,6,8,80,0.8771929824561403,0.7142857142857143,0.7692307692307693,0.9090909090909091,0.7407407407407408
run_02,DAPSO-4,20,41.0,22,4,9,79,0.8859649122807017,0.7096774193548387,0.8461538461538461,0.8977272727272727,0.7719298245614036
run_02,DAPSO-4,30,62.0,22,4,9,79,0.8859649122807017,0.7096774193548387,0.8461538461538461,0.8977272727272727,0.7719298245614036
run_02,DAPSO-4,40,75.0,22,4,9,79,0.8859649122807017,0.7096774193548387,0.8461538461538461,0.8977272727272727,0.7719298245614036
run_02,DAPSO-4,50,105.0,22,4,9,79,0.8859649122807017,0.7096774193548387,0.8461538461538461,0.8977272727272727,0.7719298245614036
run_02,DAPSO-4,60,136.0,22,4,9,79,0.8859649122807017,0.7096774193548387,0.8461538461538461,0.8977272727272727,0.7719298245614036
run_02,DAPSO-4,70,150.0,22,4,13,75,0.8508771929824561,0.6285714285714286,0.8461538461538461,0.8522727272727273,0.721311475409836
run_02,DAPSO-4,80,188.0,22,4,13,75,0.8508771929824561,0.6285714285714286,0.8461538461538461,0.8522727272727273,0.721311475409836
run_02,DAPSO-4,90,200.0,22,4,13,75,0.8508771929824561,0.6285714285714286,0.8461538461538461,0.8522727272727273,0.721311475409836
run_02,DAPSO-4,100,230.0,22,4,13,75,0.8508771929824561,0.6285714285714286,0.8461538461538461,0.8522727272727273,0.721311475409836
run_02,DAPSO-10,10,17.0,20,6,8,80,0.8771929824561403,0.7142857142857143,0.7692307692307693,0.9090909090909091,0.7407407407407408
run_02,DAPSO-10,20,30.0,22,4,9,79,0.8859649122807017,0.7096774193548387,0.8461538461538461,0.8977272727272727,0.7719298245614036
run_02,DAPSO-10,30,45.0,22,4,9,79,0.8859649122807017,0.7096774193548387,0.8461538461538461,0.8977272727272727,0.7719298245614036
run_02,DAPSO-10,40,67.0,22,4,9,79,0.8859649122807017,0.7096774193548387,0.8461538461538461,0.8977272727272727,0.7719298245614036
run_02,DAPSO-10,50,84.0,22,4,9,79,0.8859649122807017,0.7096774193548387,0.8461538461538461,0.8977272727272727,0.7719298245614036
run_02,DAPSO-10,60,122.0,22,4,9,79,0.8859649122807017,0.7096774193548387,0.8461538461538461,0.8977272727272727,0.7719298245614036
run_02,DAPSO-10,70,117.0,22,4,13,75,0.8508771929824561,0.6285714285714286,0.8461538461538461,0.8522727272727273,0.721311475409836
run_02,DAPSO-10,80,144.0,22,4,13,75,0.8508771929824561,0.6285714285714286,0.8461538461538461,0.8522727272727273,0.721311475409836
run_02,DAPSO-10,90,157.0,22,4,13,75,0.8508771929824561,0.6285714285714286,0.8461538461538461,0.8522727272727273,0.721311475409836
run_02,DAPSO-10,100,172.0,22,4,13,75,0.8508771929824561,0.6285714285714286,0.8461538461538461,0.8522727272727273,0.721311475409836
run_03,PSO,10,37.0,22,4,14,74,0.8421052631578947,0.6111111111111112,0.8461538461538461,0.8409090909090909,0.7096774193548387
run_03,PSO,20,79.0,22,4,14,74,0.8421052631578947,0.6111111111111112,0.8461538461538461,0.8409090909090909,0.7096774193548387
run_03,PSO,30,116.0,22,4,14,74,0.8421052631578947,0.6111111111111112,0.8461538461538461,0.8409090909090909,0.7096774193548387
run_03,PSO,40,153.0,22,4,14,74,0.8421052631578947,0.6111111111111112,0.8461538461538461,0.8409090909090909,0.7096774193548387
run_03,PSO,50,234.0,22,4,14,74,0.8421052631578947,0.6111111111111112,0.8461538461538461,0.8409090909090909,0.7096774193548387
run_03,PSO,60,335.0,22,4,14,74,0.8421052631578947,0.6111111111111112,0.8461538461538461,0.8409090909090909,0.7096774193548387
run_03,PSO,70,430.0,22,4,14,74,0.8421052631578947,0.6111111111111112,0.8461538461538461,0.8409090909090909,0.7096774193548387
run_03,PSO,80,376.0,22,4,14,74,0.8421052631578947,0.6111111111111112,0.8461538461538461,0.8409090909090909,0.7096774193548387
run_03,PSO,90,380.0,22,4,14,74,0.8421052631578947,0.6111111111111112,0.8461538461538461,0.8409090909090909,0.7096774193548387
run_03,PSO,100,426.0,22,4,14,74,0.8421052631578947,0.6111111111111112,0.8461538461538461,0.8409090909090909,0.7096774193548387
run_03,DAPSO-4,10,24.0,20,6,7,81,0.8859649122807017,0.7407407407407407,0.7692307692307693,0.9204545454545454,0.7547169811320754
run_03,DAPSO-4,20,40.0,21,5,6,82,0.9035087719298246,0.7777777777777778,0.8076923076923077,0.9318181818181818,0.7924528301886792
run_03,DAPSO-4,30,55.0,21,5,6,82,0.9035087719298246,0.7777777777777778,0.8076923076923077,0.9318181818181818,0.7924528301886792
run_03,DAPSO-4,40,76.0,22,4,10,78,0.8771929824561403,0.6875,0.8461538461538461,0.8863636363636364,0.7586206896551724
run_03,DAPSO-4,50,144.0,22,4,10,78,0.8771929824561403,0.6875,0.8461538461538461,0.8863636363636364,0.7586206896551724
run_03,DAPSO-4,60,176.0,22,4,10,78,0.8771929824561403,0.6875,0.8461538461538461,0.8863636363636364,0.7586206896551724
run_03,DAPSO-4,70,212.0,22,4,10,78,0.8771929824561403,0.6875,0.8461538461538461,0.8863636363636364,0.7586206896551724
run_03,DAPSO-4,80,181.0,22,4,10,78,0.8771929824561403,0.6875,0.8461538461538461,0.8863636363636364,0.7586206896551724
run_03,DAPSO-4,90,198.0,22,4,10,78,0.8771929824561403,0.6875,0.8461538461538461,0.8863636363636364,0.7586206896551724
run_03,DAPSO-4,100,225.0,22,4,10,78,0.8771929824561403,0.6875,0.8461538461538461,0.8863636363636364,0.7586206896551724
run_03,DAPSO-10,10,16.0,20,6,4,84,0.9122807017543859,0.8333333333333334,0.7692307692307693,0.9545454545454546,0.8
run_03,DAPSO-10,20,30.0,21,5,6,82,0.9035087719298246,0.7777777777777778,0.8076923076923077,0.9318181818181818,0.7924528301886792
run_03,DAPSO-10,30,42.0,21,5,6,82,0.9035087719298246,0.7777777777777778,0.8076923076923077,0.9318181818181818,0.7924528301886792
run_03,DAPSO-10,40,73.0,22,4,10,78,0.8771929824561403,0.6875,0.8461538461538461,0.8863636363636364,0.7586206896551724
run_03,DAPSO-10,50,94.0,22,4,10,78,0.8771929824561403,0.6875,0.8461538461538461,0.8863636363636364,0.7586206896551724
run_03,DAPSO-10,60,113.0,22,4,10,78,0.8771929824561403,0.6875,0.8461538461538461,0.8863636363636364,0.7586206896551724
run_03,DAPSO-10,70,148.0,22,4,10,78,0.8771929824561403,0.6875,0.8461538461538461,0.8863636363636364,0.7586206896551724
run_03,DAPSO-10,80,134.0,22,4,10,78,0.8771929824561403,0.6875,0.8461538461538461,0.8863636363636364,0.7586206896551724
run_03,DAPSO-10,90,151.0,22,4,10,78,0.8771929824561403,0.6875,0.8461538461538461,0.8863636363636364,0.7586206896551724
run_03,DAPSO-10,100,188.0,22,4,10,78,0.8771929824561403,0.6875,0.8461538461538461,0.8863636363636364,0.7586206896551724
run_04,PSO,10,41.0,16,10,0,88,0.9122807017543859,1.0,0.6153846153846154,1.0,0.761904761904762
run_04,PSO,20,94.0,16,10,0,88,0.9122807017543859,1.0,0.6153846153846154,1.0,0.761904761904762
run_04,PSO,30,141.0,16,10,0,88,0.9122807017543859,1.0,0.6153846153846154,1.0,0.761904761904762
run_04,PSO,40,200.0,16,10,0,88,0.9122807017543859,1.0,0.6153846153846154,1.0,0.761904761904762
run_04,PSO,50,247.0,16,10,0,88,0.9122807017543859,1.0,0.6153846153846154,1.0,0.761904761904762
run_04,PSO,60,352.0,16,10,0,88,0.9122807017543859,1.0,0.6153846153846154,1.0,0.761904761904762
run_04,PSO,70,406.0,16,10,0,88,0.9122807017543859,1.0,0.6153846153846154,1.0,0.761904761904762
run_04,PSO,80,334.0,16,10,0,88,0.9122807017543859,1.0,0.6153846153846154,1.0,0.761904761904762
run_04,PSO,90,370.0,16,10,0,88,0.9122807017543859,1.0,0.6153846153846154,1.0,0.761904761904762
run_04,PSO,100,452.0,16,10,0,88,0.9122807017543859,1.0,0.6153846153846154,1.0,0.761904761904762
run_04,DAPSO-4,10,35.0,22,4,10,78,0.8771929824561403,0.6875,0.8461538461538461,0.8863636363636364,0.7586206896551724
run_04,DAPSO-4,20,56.0,21,5,7,81,0.8947368421052632,0.75,0.8076923076923077,0.9204545454545454,0.7777777777777779
run_04,DAPSO-4,30,82.0,21,5,8,80,0.8859649122807017,0.7241379310344828,0.8076923076923077,0.9090909090909091,0.7636363636363636
run_04,DAPSO-4,40,100.0,21,5,8,80,0.8859649122807017,0.7241379310344828,0.8076923076923077,0.9090909090909091,0.7636363636363636
run_04,DAPSO-4,50,172.0,21,5,8,80,0.8859649122807017,0.7241379310344828,0.8076923076923077,0.9090909090909091,0.7636363636363636
run_04,DAPSO-4,60,191.0,21,5,8,80,0.8859649122807017,0.7241379310344828,0.8076923076923077,0.9090909090909091,0.7636363636363636
run_04,DAPSO-4,70,162.0,21,5,8,80,0.8859649122807017,0.7241379310344828,0.8076923076923077,0.9090909090909091,0.7636363636363636
run_04,DAPSO-4,80,177.0,21,5,8,80,0.8859649122807017,0.7241379310344828,0.8076923076923077,0.9090909090909091,0.7636363636363636
run_04,DAPSO-4,90,193.0,21,5,8,80,0.8859649122807017,0.7241379310344828,0.8076923076923077,0.9090909090909091,0.7636363636363636
run_04,DAPSO-4,100,318.0,21,5,8,80,0.8859649122807017,0.7241379310344828,0.8076923076923077,0.9090909090909091,0.7636363636363636
run_04,DAPSO-10,10,21.0,21,5,7,81,0.8947368421052632,0.75,0.8076923076923077,0.9204545454545454,0.7777777777777779
run_04,DAPSO-10,20,35.0,21,5,8,80,0.8859649122807017,0.7241379310344828,0.8076923076923077,0.9090909090909091,0.7636363636363636
run_04,DAPSO-10,30,59.0,21,5,8,80,0.8859649122807017,0.7241379310344828,0.8076923076923077,0.9090909090909091,0.7636363636363636
run_04,DAPSO-10,40,84.0,21,5,8,80,0.8859649122807017,0.7241379310344828,0.8076923076923077,0.9090909090909091,0.7636363636363636
run_04,DAPSO-10,50,113.0,21,5,8,80,0.8859649122807017,0.7241379310344828,0.8076923076923077,0.9090909090909091,0.7636363636363636
run_04,DAPSO-10,60,125.0,21,5,8,80,0.8859649122807017,0.7241379310344828,0.8076923076923077,0.9090909090909091,0.7636363636363636
run_04,DAPSO-10,70,125.0,21,5,8,80,0.8859649122807017,0.7241379310344828,0.8076923076923077,0.9090909090909091,0.7636363636363636
run_04,DAPSO-10,80,133.0,21,5,8,80,0.8859649122807017,0.7241379310344828,0.8076923076923077,0.9090909090909091,0.7636363636363636
run_04,DAPSO-10,90,148.0,21,5,8,80,0.8859649122807017,0.7241379310344828,0.8076923076923077,0.9090909090909091,0.7636363636363636
run_04,DAPSO-10,100,216.0,21,5,8,80,0.8859649122807017,0.7241379310344828,0.8076923076923077,0.9090909090909091,0.7636363636363636
run_05,PSO,10,47.0,15,11,3,85,0.8771929824561403,0.8333333333333334,0.5769230769230769,0.9659090909090909,0.6818181818181818
run_05,PSO,20,99.0,15,11,3,85,0.8771929824561403,0.8333333333333334,0.5769230769230769,0.9659090909090909,0.6818181818181818
run_05,PSO,30,154.0,15,11,3,85,0.8771929824561403,0.8333333333333334,0.5769230769230769,0.9659090909090909,0.6818181818181818
run_05,PSO,40,208.0,15,11,3,85,0.8771929824561403,0.8333333333333334,0.5769230769230769,0.9659090909090909,0.6818181818181818
run_05,PSO,50,255.0,15,11,3,85,0.8771929824561403,0.8333333333333334,0.5769230769230769,0.9659090909090909,0.6818181818181818
run_05,PSO,60,302.0,15,11,3,85,0.8771929824561403,0.8333333333333334,0.5769230769230769,0.9659090909090909,0.6818181818181818
run_05,PSO,70,267.0,15,11,3,85,0.8771929824561403,0.8333333333333334,0.5769230769230769,0.9659090909090909,0.6818181818181818
run_05,PSO,80,341.0,15,11,3,85,0.8771929824561403,0.8333333333333334,0.5769230769230769,0.9659090909090909,0.6818181818181818
run_05,PSO,90,420.0,15,11,3,85,0.8771929824561403,0.8333333333333334,0.5769230769230769,0.9659090909090909,0.6818181818181818
run_05,PSO,100,397.0,15,11,3,85,0.8771929824561403,0.8333333333333334,0.5769230769230769,0.9659090909090909,0.6818181818181818
run_05,DAPSO-4,10,36.0,22,4,9,79,0.8859649122807017,0.7096774193548387,0.8461538461538461,0.8977272727272727,0.7719298245614036
run_05,DAPSO-4,20,58.0,22,4,11,77,0.868421052631579,0.6666666666666666,0.8461538461538461,0.875,0.7457627118644068
run_05,DAPSO-4,30,93.0,22,4,11,77,0.868421052631579,0.6666666666666666,0.8461538461538461,0.875,0.7457627118644068
run_05,DAPSO-4,40,109.0,22,4,11,77,0.868421052631579,0.6666666666666666,0.8461538461538461,0.875,0.7457627118644068
run_05,DAPSO-4,50,133.0,22,4,11,77,0.868421052631579,0.6666666666666666,0.8461538461538461,0.875,0.7457627118644068
run_05,DAPSO-4,60,102.0,21,5,10,78,0.868421052631579,0.6774193548387096,0.8076923076923077,0.8863636363636364,0.7368421052631579
run_05,DAPSO-4,70,142.0,21,5,10,78,0.868421052631579,0.6774193548387096,0.8076923076923077,0.8863636363636364,0.7368421052631579
run_05,DAPSO-4,80,177.0,21,5,10,78,0.868421052631579,0.6774193548387096,0.8076923076923077,0.8863636363636364,0.7368421052631579
run_05,DAPSO-4,90,6205.0,21,5,10,78,0.868421052631579,0.6774193548387096,0.8076923076923077,0.8863636363636364,0.7368421052631579
run_05,DAPSO-4,100,201.0,21,5,10,78,0.868421052631579,0.6774193548387096,0.8076923076923077,0.8863636363636364,0.7368421052631579
run_05,DAPSO-10,10,24.0,22,4,9,79,0.8859649122807017,0.7096774193548387,0.8461538461538461,0.8977272727272727,0.7719298245614036
run_05,DAPSO-10,20,41.0,22,4,11,77,0.868421052631579,0.6666666666666666,0.8461538461538461,0.875,0.7457627118644068
run_05,DAPSO-10,30,62.0,22,4,11,77,0.868421052631579,0.6666666666666666,0.8461538461538461,0.875,0.7457627118644068
run_05,DAPSO-10,40,68.0,22,4,11,77,0.868421052631579,0.6666666666666666,0.8461538461538461,0.875,0.7457627118644068
run_05,DAPSO-10,50,91.0,22,4,11,77,0.868421052631579,0.6666666666666666,0.8461538461538461,0.875,0.7457627118644068
run_05,DAPSO-10,60,79.0,21,5,10,78,0.868421052631579,0.6774193548387096,0.8076923076923077,0.8863636363636364,0.7368421052631579
run_05,DAPSO-10,70,109.0,21,5,10,78,0.868421052631579,0.6774193548387096,0.8076923076923077,0.8863636363636364,0.7368421052631579
run_05,DAPSO-10,80,133.0,21,5,10,78,0.868421052631579,0.6774193548387096,0.8076923076923077,0.8863636363636364,0.7368421052631579
run_05,DAPSO-10,90,126.0,21,5,10,78,0.868421052631579,0.6774193548387096,0.8076923076923077,0.8863636363636364,0.7368421052631579
run_05,DAPSO-10,100,150.0,21,5,10,78,0.868421052631579,0.6774193548387096,0.8076923076923077,0.8863636363636364,0.7368421052631579
run_06,PSO,10,35.0,21,5,13,75,0.8421052631578947,0.6176470588235294,0.8076923076923077,0.8522727272727273,0.7
run_06,PSO,20,72.0,21,5,13,75,0.8421052631578947,0.6176470588235294,0.8076923076923077,0.8522727272727273,0.7
run_06,PSO,30,108.0,21,5,13,75,0.8421052631578947,0.6176470588235294,0.8076923076923077,0.8522727272727273,0.7
run_06,PSO,40,140.0,21,5,13,75,0.8421052631578947,0.6176470588235294,0.8076923076923077,0.8522727272727273,0.7
run_06,PSO,50,177.0,21,5,13,75,0.8421052631578947,0.6176470588235294,0.8076923076923077,0.8522727272727273,0.7
run_06,PSO,60,239.0,21,5,13,75,0.8421052631578947,0.6176470588235294,0.8076923076923077,0.8522727272727273,0.7
run_06,PSO,70,279.0,21,5,13,75,0.8421052631578947,0.6176470588235294,0.8076923076923077,0.8522727272727273,0.7
run_06,PSO,80,317.0,21,5,13,75,0.8421052631578947,0.6176470588235294,0.8076923076923077,0.8522727272727273,0.7
run_06,PSO,90,359.0,21,5,13,75,0.8421052631578947,0.6176470588235294,0.8076923076923077,0.8522727272727273,0.7
run_06,PSO,100,395.0,21,5,13,75,0.8421052631578947,0.6176470588235294,0.8076923076923077,0.8522727272727273,0.7
run_06,DAPSO-4,10,21.0,22,4,9,79,0.8859649122807017,0.7096774193548387,0.8461538461538461,0.8977272727272727,0.7719298245614036
run_06,DAPSO-4,20,34.0,23,3,14,74,0.8508771929824561,0.6216216216216216,0.8846153846153846,0.8409090909090909,0.7301587301587302
run_06,DAPSO-4,30,49.0,23,3,6,82,0.9210526315789473,0.7931034482758621,0.8846153846153846,0.9318181818181818,0.8363636363636363
run_06,DAPSO-4,40,64.0,23,3,6,82,0.9210526315789473,0.7931034482758621,0.8846153846153846,0.9318181818181818,0.8363636363636363
run_06,DAPSO-4,50,92.0,23,3,6,82,0.9210526315789473,0.7931034482758621,0.8846153846153846,0.9318181818181818,0.8363636363636363
run_06,DAPSO-4,60,118.0,23,3,6,82,0.9210526315789473,0.7931034482758621,0.8846153846153846,0.9318181818181818,0.8363636363636363
run_06,DAPSO-4,70,138.0,21,5,10,78,0.868421052631579,0.6774193548387096,0.8076923076923077,0.8863636363636364,0.7368421052631579
run_06,DAPSO-4,80,159.0,21,5,10,78,0.868421052631579,0.6774193548387096,0.8076923076923077,0.8863636363636364,0.7368421052631579
run_06,DAPSO-4,90,179.0,21,5,10,78,0.868421052631579,0.6774193548387096,0.8076923076923077,0.8863636363636364,0.7368421052631579
run_06,DAPSO-4,100,199.0,21,5,10,78,0.868421052631579,0.6774193548387096,0.8076923076923077,0.8863636363636364,0.7368421052631579
run_06,DAPSO-10,10,14.0,22,4,9,79,0.8859649122807017,0.7096774193548387,0.8461538461538461,0.8977272727272727,0.7719298245614036
run_06,DAPSO-10,20,26.0,23,3,6,82,0.9210526315789473,0.7931034482758621,0.8846153846153846,0.9318181818181818,0.8363636363636363
run_06,DAPSO-10,30,37.0,23,3,6,82,0.9210526315789473,0.7931034482758621,0.8846153846153846,0.9318181818181818,0.8363636363636363
run_06,DAPSO-10,40,57.0,23,3,6,82,0.9210526315789473,0.7931034482758621,0.8846153846153846,0.9318181818181818,0.8363636363636363
run_06,DAPSO-10,50,72.0,23,3,6,82,0.9210526315789473,0.7931034482758621,0.8846153846153846,0.9318181818181818,0.8363636363636363
run_06,DAPSO-10,60,87.0,23,3,6,82,0.9210526315789473,0.7931034482758621,0.8846153846153846,0.9318181818181818,0.8363636363636363
run_06,DAPSO-10,70,102.0,21,5,10,78,0.868421052631579,0.6774193548387096,0.8076923076923077,0.8863636363636364,0.7368421052631579
run_06,DAPSO-10,80,121.0,21,5,10,78,0.868421052631579,0.6774193548387096,0.8076923076923077,0.8863636363636364,0.7368421052631579
run_06,DAPSO-10,90,133.0,21,5,10,78,0.868421052631579,0.6774193548387096,0.8076923076923077,0.8863636363636364,0.7368421052631579
run_06,DAPSO-10,100,148.0,21,5,10,78,0.868421052631579,0.6774193548387096,0.8076923076923077,0.8863636363636364,0.7368421052631579
run_07,PSO,10,34.0,18,8,17,71,0.7807017543859649,0.5142857142857142,0.6923076923076923,0.8068181818181818,0.5901639344262295
run_07,PSO,20,67.0,18,8,17,71,0.7807017543859649,0.5142857142857142,0.6923076923076923,0.8068181818181818,0.5901639344262295
run_07,PSO,30,100.0,18,8,17,71,0.7807017543859649,0.5142857142857142,0.6923076923076923,0.8068181818181818,0.5901639344262295
run_07,PSO,40,144.0,18,8,17,71,0.7807017543859649,0.5142857142857142,0.6923076923076923,0.8068181818181818,0.5901639344262295
run_07,PSO,50,189.0,18,8,17,71,0.7807017543859649,0.5142857142857142,0.6923076923076923,0.8068181818181818,0.5901639344262295
run_07,PSO,60,259.0,18,8,17,71,0.7807017543859649,0.5142857142857142,0.6923076923076923,0.8068181818181818,0.5901639344262295
run_07,PSO,70,289.0,18,8,17,71,0.7807017543859649,0.5142857142857142,0.6923076923076923,0.8068181818181818,0.5901639344262295
run_07,PSO,80,302.0,18,8,17,71,0.7807017543859649,0.5142857142857142,0.6923076923076923,0.8068181818181818,0.5901639344262295
run_07,PSO,90,334.0,18,8,17,71,0.7807017543859649,0.5142857142857142,0.6923076923076923,0.8068181818181818,0.5901639344262295
run_07,PSO,100,368.0,18,8,17,71,0.7807017543859649,0.5142857142857142,0.6923076923076923,0.8068181818181818,0.5901639344262295
run_07,DAPSO-4,10,20.0,21,5,10,78,0.868421052631579,0.6774193548387096,0.8076923076923077,0.8863636363636364,0.7368421052631579
run_07,DAPSO-4,20,31.0,22,4,16,72,0.8245614035087719,0.5789473684210527,0.8461538461538461,0.8181818181818182,0.6875
run_07,DAPSO-4,30,50.0,22,4,18,70,0.8070175438596491,0.55,0.8461538461538461,0.7954545454545454,0.6666666666666667
run_07,DAPSO-4,40,72.0,21,5,8,80,0.8859649122807017,0.7241379310344828,0.8076923076923077,0.9090909090909091,0.7636363636363636
run_07,DAPSO-4,50,106.0,23,3,12,76,0.868421052631579,0.6571428571428571,0.8846153846153846,0.8636363636363636,0.7540983606557377
run_07,DAPSO-4,60,140.0,23,3,12,76,0.868421052631579,0.6571428571428571,0.8846153846153846,0.8636363636363636,0.7540983606557377
run_07,DAPSO-4,70,137.0,23,3,12,76,0.868421052631579,0.6571428571428571,0.8846153846153846,0.8636363636363636,0.7540983606557377
run_07,DAPSO-4,80,154.0,23,3,12,76,0.868421052631579,0.6571428571428571,0.8846153846153846,0.8636363636363636,0.7540983606557377
run_07,DAPSO-4,90,166.0,23,3,12,76,0.868421052631579,0.6571428571428571,0.8846153846153846,0.8636363636363636,0.7540983606557377
run_07,DAPSO-4,100,185.0,23,3,12,76,0.868421052631579,0.6571428571428571,0.8846153846153846,0.8636363636363636,0.7540983606557377
run_07,DAPSO-10,10,13.0,21,5,8,80,0.8859649122807017,0.7241379310344828,0.8076923076923077,0.9090909090909091,0.7636363636363636
run_07,DAPSO-10,20,24.0,21,5,6,82,0.9035087719298246,0.7777777777777778,0.8076923076923077,0.9318181818181818,0.7924528301886792
run_07,DAPSO-10,30,39.0,21,5,8,80,0.8859649122807017,0.7241379310344828,0.8076923076923077,0.9090909090909091,0.7636363636363636
run_07,DAPSO-10,40,70.0,23,3,12,76,0.868421052631579,0.6571428571428571,0.8846153846153846,0.8636363636363636,0.7540983606557377
run_07,DAPSO-10,50,83.0,23,3,12,76,0.868421052631579,0.6571428571428571,0.8846153846153846,0.8636363636363636,0.7540983606557377
run_07,DAPSO-10,60,102.0,23,3,12,76,0.868421052631579,0.6571428571428571,0.8846153846153846,0.8636363636363636,0.7540983606557377
run_07,DAPSO-10,70,103.0,23,3,12,76,0.868421052631579,0.6571428571428571,0.8846153846153846,0.8636363636363636,0.7540983606557377
run_07,DAPSO-10,80,117.0,23,3,12,76,0.868421052631579,0.6571428571428571,0.8846153846153846,0.8636363636363636,0.7540983606557377
run_07,DAPSO-10,90,130.0,23,3,12,76,0.868421052631579,0.6571428571428571,0.8846153846153846,0.8636363636363636,0.7540983606557377
run_07,DAPSO-10,100,151.0,23,3,12,76,0.868421052631579,0.6571428571428571,0.8846153846153846,0.8636363636363636,0.7540983606557377
run_08,PSO,10,37.0,14,12,7,81,0.8333333333333334,0.6666666666666666,0.5384615384615384,0.9204545454545454,0.5957446808510638
run_08,PSO,20,73.0,14,12,7,81,0.8333333333333334,0.6666666666666666,0.5384615384615384,0.9204545454545454,0.5957446808510638
run_08,PSO,30,110.0,14,12,7,81,0.8333333333333334,0.6666666666666666,0.5384615384615384,0.9204545454545454,0.5957446808510638
run_08,PSO,40,146.0,14,12,7,81,0.8333333333333334,0.6666666666666666,0.5384615384615384,0.9204545454545454,0.5957446808510638
run_08,PSO,50,187.0,14,12,7,81,0.8333333333333334,0.6666666666666666,0.5384615384615384,0.9204545454545454,0.5957446808510638
run_08,PSO,60,240.0,14,12,7,81,0.8333333333333334,0.6666666666666666,0.5384615384615384,0.9204545454545454,0.5957446808510638
run_08,PSO,70,253.0,14,12,7,81,0.8333333333333334,0.6666666666666666,0.5384615384615384,0.9204545454545454,0.5957446808510638
run_08,PSO,80,293.0,14,12,7,81,0.8333333333333334,0.6666666666666666,0.5384615384615384,0.9204545454545454,0.5957446808510638
run_08,PSO,90,328.0,14,12,7,81,0.8333333333333334,0.6666666666666666,0.5384615384615384,0.9204545454545454,0.5957446808510638
run_08,PSO,100,365.0,14,12,7,81,0.8333333333333334,0.6666666666666666,0.5384615384615384,0.9204545454545454,0.5957446808510638
run_08,DAPSO-4,10,22.0,21,5,8,80,0.8859649122807017,0.7241379310344828,0.8076923076923077,0.9090909090909091,0.7636363636363636
run_08,DAPSO-4,20,39.0,21,5,9,79,0.8771929824561403,0.7,0.8076923076923077,0.8977272727272727,0.75
run_08,DAPSO-4,30,55.0,22,4,13,75,0.8508771929824561,0.6285714285714286,0.8461538461538461,0.8522727272727273,0.721311475409836
run_08,DAPSO-4,40,74.0,23,3,13,75,0.8596491228070176,0.6388888888888888,0.8846153846153846,0.8522727272727273,0.7419354838709676
run_08,DAPSO-4,50,109.0,23,3,13,75,0.8596491228070176,0.6388888888888888,0.8846153846153846,0.8522727272727273,0.7419354838709676
run_08,DAPSO-4,60,113.0,23,3,13,75,0.8596491228070176,0.6388888888888888,0.8846153846153846,0.8522727272727273,0.7419354838709676
run_08,DAPSO-4,70,128.0,23,3,13,75,0.8596491228070176,0.6388888888888888,0.8846153846153846,0.8522727272727273,0.7419354838709676
run_08,DAPSO-4,80,145.0,23,3,13,75,0.8596491228070176,0.6388888888888888,0.8846153846153846,0.8522727272727273,0.7419354838709676
run_08,DAPSO-4,90,164.0,23,3,13,75,0.8596491228070176,0.6388888888888888,0.8846153846153846,0.8522727272727273,0.7419354838709676
run_08,DAPSO-4,100,184.0,23,3,13,75,0.8596491228070176,0.6388888888888888,0.8846153846153846,0.8522727272727273,0.7419354838709676
run_08,DAPSO-10,10,15.0,21,5,8,80,0.8859649122807017,0.7241379310344828,0.8076923076923077,0.9090909090909091,0.7636363636363636
run_08,DAPSO-10,20,29.0,21,5,9,79,0.8771929824561403,0.7,0.8076923076923077,0.8977272727272727,0.75
run_08,DAPSO-10,30,40.0,22,4,13,75,0.8508771929824561,0.6285714285714286,0.8461538461538461,0.8522727272727273,0.721311475409836
run_08,DAPSO-10,40,65.0,23,3,13,75,0.8596491228070176,0.6388888888888888,0.8846153846153846,0.8522727272727273,0.7419354838709676
run_08,DAPSO-10,50,84.0,23,3,13,75,0.8596491228070176,0.6388888888888888,0.8846153846153846,0.8522727272727273,0.7419354838709676
run_08,DAPSO-10,60,86.0,23,3,13,75,0.8596491228070176,0.6388888888888888,0.8846153846153846,0.8522727272727273,0.7419354838709676
run_08,DAPSO-10,70,100.0,23,3,13,75,0.8596491228070176,0.6388888888888888,0.8846153846153846,0.8522727272727273,0.7419354838709676
run_08,DAPSO-10,80,113.0,23,3,13,75,0.8596491228070176,0.6388888888888888,0.8846153846153846,0.8522727272727273,0.7419354838709676
run_08,DAPSO-10,90,128.0,23,3,13,75,0.8596491228070176,0.6388888888888888,0.8846153846153846,0.8522727272727273,0.7419354838709676
run_08,DAPSO-10,100,144.0,23,3,13,75,0.8596491228070176,0.6388888888888888,0.8846153846153846,0.8522727272727273,0.7419354838709676
run_09,PSO,10,34.0,20,6,3,85,0.9210526315789473,0.8695652173913043,0.7692307692307693,0.9659090909090909,0.8163265306122449
run_09,PSO,20,71.0,20,6,3,85,0.9210526315789473,0.8695652173913043,0.7692307692307693,0.9659090909090909,0.8163265306122449
run_09,PSO,30,112.0,20,6,3,85,0.9210526315789473,0.8695652173913043,0.7692307692307693,0.9659090909090909,0.8163265306122449
run_09,PSO,40,157.0,20,6,3,85,0.9210526315789473,0.8695652173913043,0.7692307692307693,0.9659090909090909,0.8163265306122449
run_09,PSO,50,198.0,20,6,3,85,0.9210526315789473,0.8695652173913043,0.7692307692307693,0.9659090909090909,0.8163265306122449
run_09,PSO,60,279.0,20,6,3,85,0.9210526315789473,0.8695652173913043,0.7692307692307693,0.9659090909090909,0.8163265306122449
run_09,PSO,70,258.0,20,6,3,85,0.9210526315789473,0.8695652173913043,0.7692307692307693,0.9659090909090909,0.8163265306122449
run_09,PSO,80,321.0,20,6,3,85,0.9210526315789473,0.8695652173913043,0.7692307692307693,0.9659090909090909,0.8163265306122449
run_09,PSO,90,354.0,20,6,3,85,0.9210526315789473,0.8695652173913043,0.7692307692307693,0.9659090909090909,0.8163265306122449
run_09,PSO,100,391.0,20,6,3,85,0.9210526315789473,0.8695652173913043,0.7692307692307693,0.9659090909090909,0.8163265306122449
run_09,DAPSO-4,10,21.0,22,4,9,79,0.8859649122807017,0.7096774193548387,0.8461538461538461,0.8977272727272727,0.7719298245614036
run_09,DAPSO-4,20,33.0,22,4,9,79,0.8859649122807017,0.7096774193548387,0.8461538461538461,0.8977272727272727,0.7719298245614036
run_09,DAPSO-4,30,55.0,21,5,7,81,0.8947368421052632,0.75,0.8076923076923077,0.9204545454545454,0.7777777777777779
run_09,DAPSO-4,40,86.0,21,5,8,80,0.8859649122807017,0.7241379310344828,0.8076923076923077,0.9090909090909091,0.7636363636363636
run_09,DAPSO-4,50,102.0,21,5,8,80,0.8859649122807017,0.7241379310344828,0.8076923076923077,0.9090909090909091,0.7636363636363636
run_09,DAPSO-4,60,138.0,23,3,17,71,0.8245614035087719,0.575,0.8846153846153846,0.8068181818181818,0.696969696969697
run_09,DAPSO-4,70,136.0,23,3,17,71,0.8245614035087719,0.575,0.8846153846153846,0.8068181818181818,0.696969696969697
run_09,DAPSO-4,80,156.0,23,3,17,71,0.8245614035087719,0.575,0.8846153846153846,0.8068181818181818,0.696969696969697
run_09,DAPSO-4,90,172.0,23,3,17,71,0.8245614035087719,0.575,0.8846153846153846,0.8068181818181818,0.696969696969697
run_09,DAPSO-4,100,193.0,23,3,17,71,0.8245614035087719,0.575,0.8846153846153846,0.8068181818181818,0.696969696969697
run_09,DAPSO-10,10,13.0,22,4,9,79,0.8859649122807017,0.7096774193548387,0.8461538461538461,0.8977272727272727,0.7719298245614036
run_09,DAPSO-10,20,25.0,22,4,9,79,0.8859649122807017,0.7096774193548387,0.8461538461538461,0.8977272727272727,0.7719298245614036
run_09,DAPSO-10,30,45.0,21,5,7,81,0.8947368421052632,0.75,0.8076923076923077,0.9204545454545454,0.7777777777777779
run_09,DAPSO-10,40,69.0,21,5,8,80,0.8859649122807017,0.7241379310344828,0.8076923076923077,0.9090909090909091,0.7636363636363636
run_09,DAPSO-10,50,85.0,21,5,8,80,0.8859649122807017,0.7241379310344828,0.8076923076923077,0.9090909090909091,0.7636363636363636
run_09,DAPSO-10,60,90.0,23,3,17,71,0.8245614035087719,0.575,0.8846153846153846,0.8068181818181818,0.696969696969697
run_09,DAPSO-10,70,101.0,23,3,17,71,0.8245614035087719,0.575,0.8846153846153846,0.8068181818181818,0.696969696969697
run_09,DAPSO-10,80,116.0,23,3,17,71,0.8245614035087719,0.575,0.8846153846153846,0.8068181818181818,0.696969696969697
run_09,DAPSO-10,90,134.0,23,3,17,71,0.8245614035087719,0.575,0.8846153846153846,0.8068181818181818,0.696969696969697
run_09,DAPSO-10,100,147.0,23,3,17,71,0.8245614035087719,0.575,0.8846153846153846,0.8068181818181818,0.696969696969697
run_10,PSO,10,34.0,18,8,3,85,0.9035087719298246,0.8571428571428571,0.6923076923076923,0.9659090909090909,0.7659574468085107
run_10,PSO,20,71.0,18,8,3,85,0.9035087719298246,0.8571428571428571,0.6923076923076923,0.9659090909090909,0.7659574468085107
run_10,PSO,30,103.0,18,8,3,85,0.9035087719298246,0.8571428571428571,0.6923076923076923,0.9659090909090909,0.7659574468085107
run_10,PSO,40,137.0,18,8,3,85,0.9035087719298246,0.8571428571428571,0.6923076923076923,0.9659090909090909,0.7659574468085107
run_10,PSO,50,171.0,18,8,3,85,0.9035087719298246,0.8571428571428571,0.6923076923076923,0.9659090909090909,0.7659574468085107
run_10,PSO,60,231.0,18,8,3,85,0.9035087719298246,0.8571428571428571,0.6923076923076923,0.9659090909090909,0.7659574468085107
run_10,PSO,70,270.0,18,8,3,85,0.9035087719298246,0.8571428571428571,0.6923076923076923,0.9659090909090909,0.7659574468085107
run_10,PSO,80,308.0,18,8,3,85,0.9035087719298246,0.8571428571428571,0.6923076923076923,0.9659090909090909,0.7659574468085107
run_10,PSO,90,350.0,18,8,3,85,0.9035087719298246,0.8571428571428571,0.6923076923076923,0.9659090909090909,0.7659574468085107
run_10,PSO,100,388.0,18,8,3,85,0.9035087719298246,0.8571428571428571,0.6923076923076923,0.9659090909090909,0.7659574468085107
run_10,DAPSO-4,10,21.0,22,4,11,77,0.868421052631579,0.6666666666666666,0.8461538461538461,0.875,0.7457627118644068
run_10,DAPSO-4,20,32.0,20,6,9,79,0.868421052631579,0.6896551724137931,0.7692307692307693,0.8977272727272727,0.7272727272727274
run_10,DAPSO-4,30,47.0,22,4,10,78,0.8771929824561403,0.6875,0.8461538461538461,0.8863636363636364,0.7586206896551724
run_10,DAPSO-4,40,62.0,22,4,10,78,0.8771929824561403,0.6875,0.8461538461538461,0.8863636363636364,0.7586206896551724
run_10,DAPSO-4,50,88.0,22,4,10,78,0.8771929824561403,0.6875,0.8461538461538461,0.8863636363636364,0.7586206896551724
run_10,DAPSO-4,60,112.0,22,4,10,78,0.8771929824561403,0.6875,0.8461538461538461,0.8863636363636364,0.7586206896551724
run_10,DAPSO-4,70,131.0,22,4,10,78,0.8771929824561403,0.6875,0.8461538461538461,0.8863636363636364,0.7586206896551724
run_10,DAPSO-4,80,152.0,22,4,10,78,0.8771929824561403,0.6875,0.8461538461538461,0.8863636363636364,0.7586206896551724
run_10,DAPSO-4,90,172.0,22,4,10,78,0.8771929824561403,0.6875,0.8461538461538461,0.8863636363636364,0.7586206896551724
run_10,DAPSO-4,100,193.0,22,4,10,78,0.8771929824561403,0.6875,0.8461538461538461,0.8863636363636364,0.7586206896551724
run_10,DAPSO-10,10,13.0,22,4,11,77,0.868421052631579,0.6666666666666666,0.8461538461538461,0.875,0.7457627118644068
run_10,DAPSO-10,20,25.0,22,4,10,78,0.8771929824561403,0.6875,0.8461538461538461,0.8863636363636364,0.7586206896551724
run_10,DAPSO-10,30,36.0,22,4,10,78,0.8771929824561403,0.6875,0.8461538461538461,0.8863636363636364,0.7586206896551724
run_10,DAPSO-10,40,56.0,22,4,10,78,0.8771929824561403,0.6875,0.8461538461538461,0.8863636363636364,0.7586206896551724
run_10,DAPSO-10,50,69.0,22,4,10,78,0.8771929824561403,0.6875,0.8461538461538461,0.8863636363636364,0.7586206896551724
run_10,DAPSO-10,60,84.0,22,4,10,78,0.8771929824561403,0.6875,0.8461538461538461,0.8863636363636364,0.7586206896551724
run_10,DAPSO-10,70,98.0,22,4,10,78,0.8771929824561403,0.6875,0.8461538461538461,0.8863636363636364,0.7586206896551724
run_10,DAPSO-10,80,114.0,22,4,10,78,0.8771929824561403,0.6875,0.8461538461538461,0.8863636363636364,0.7586206896551724
run_10,DAPSO-10,90,130.0,22,4,10,78,0.8771929824561403,0.6875,0.8461538461538461,0.8863636363636364,0.7586206896551724
run_10,DAPSO-10,100,144.0,22,4,10,78,0.8771929824561403,0.6875,0.8461538461538461,0.8863636363636364,0.7586206896551724
