run,iterations,PSO,DAPSO-4,DAPSO-10,speedup_dapso4,speedup_dapso10,dapso10_vs_dapso4
run_01,10,31.0,19.0,14.0,1.631578947368421,2.2142857142857144,1.3571428571428572
run_01,20,65.0,37.0,30.0,1.7567567567567568,2.1666666666666665,1.2333333333333334
run_01,30,102.0,52.0,42.0,1.9615384615384615,2.4285714285714284,1.2380952380952381
run_01,40,139.0,69.0,63.0,2.0144927536231885,2.2063492063492065,1.0952380952380953
run_01,50,168.0,99.0,80.0,1.696969696969697,2.1,1.2375
run_01,60,235.0,119.0,101.0,1.9747899159663866,2.3267326732673266,1.1782178217821782
run_01,70,274.0,143.0,122.0,1.916083916083916,2.2459016393442623,1.1721311475409837
run_01,80,324.0,168.0,139.0,1.9285714285714286,2.3309352517985613,1.20863309352518
run_01,90,373.0,194.0,159.0,1.922680412371134,2.3459119496855347,1.220125786163522
run_01,100,419.0,218.0,176.0,1.9220183486238531,2.3806818181818183,1.2386363636363635
run_02,10,37.0,25.0,17.0,1.48,2.176470588235294,1.4705882352941178
run_02,20,85.0,41.0,30.0,2.073170731707317,2.8333333333333335,1.3666666666666667
run_02,30,122.0,62.0,45.0,1.967741935483871,2.7111111111111112,1.3777777777777778
run_02,40,158.0,75.0,67.0,2.1066666666666665,2.3582089552238807,1.1194029850746268
run_02,50,192.0,105.0,84.0,1.8285714285714285,2.2857142857142856,1.25
run_02,60,254.0,136.0,122.0,1.8676470588235294,2.081967213114754,1.1147540983606556
run_02,70,278.0,150.0,117.0,1.8533333333333333,2.376068376068376,1.2820512820512822
run_02,80,344.0,188.0,144.0,1.8297872340425532,2.388888888888889,1.3055555555555556
run_02,90,386.0,200.0,157.0,1.93,2.4585987261146496,1.2738853503184713
run_02,100,430.0,230.0,172.0,1.8695652173913044,2.5,1.3372093023255813
run_03,10,37.0,24.0,16.0,1.5416666666666667,2.3125,1.5
run_03,20,79.0,40.0,30.0,1.975,2.6333333333333333,1.3333333333333333
run_03,30,116.0,55.0,42.0,2.109090909090909,2.761904761904762,1.3095238095238095
run_03,40,153.0,76.0,73.0,2.013157894736842,2.095890410958904,1.0410958904109588
run_03,50,234.0,144.0,94.0,1.625,2.4893617021276597,1.5319148936170213
run_03,60,335.0,176.0,113.0,1.9034090909090908,2.9646017699115044,1.5575221238938053
run_03,70,430.0,212.0,148.0,2.0283018867924527,2.9054054054054053,1.4324324324324325
run_03,80,376.0,181.0,134.0,2.0773480662983426,2.8059701492537314,1.3507462686567164
run_03,90,380.0,198.0,151.0,1.9191919191919191,2.5165562913907285,1.3112582781456954
run_03,100,426.0,225.0,188.0,1.8933333333333333,2.265957446808511,1.196808510638298
run_04,10,41.0,35.0,21.0,1.1714285714285715,1.9523809523809523,1.6666666666666667
run_04,20,94.0,56.0,35.0,1.6785714285714286,2.6857142857142855,1.6
run_04,30,141.0,82.0,59.0,1.7195121951219512,2.389830508474576,1.3898305084745763
run_04,40,200.0,100.0,84.0,2.0,2.380952380952381,1.1904761904761905
run_04,50,247.0,172.0,113.0,1.436046511627907,2.185840707964602,1.5221238938053097
run_04,60,352.0,191.0,125.0,1.8429319371727748,2.816,1.528
run_04,70,406.0,162.0,125.0,2.506172839506173,3.248,1.296
run_04,80,334.0,177.0,133.0,1.887005649717514,2.511278195488722,1.330827067669173
run_04,90,370.0,193.0,148.0,1.9170984455958548,2.5,1.304054054054054
run_04,100,452.0,318.0,216.0,1.421383647798742,2.0925925925925926,1.4722222222222223
run_05,10,47.0,36.0,24.0,1.3055555555555556,1.9583333333333333,1.5
run_05,20,99.0,58.0,41.0,1.706896551724138,2.4146341463414633,1.4146341463414633
run_05,30,154.0,93.0,62.0,1.6559139784946237,2.4838709677419355,1.5
run_05,40,208.0,109.0,68.0,1.908256880733945,3.0588235294117645,1.6029411764705883
run_05,50,255.0,133.0,91.0,1.9172932330827068,2.802197802197802,1.4615384615384615
run_05,60,302.0,102.0,79.0,2.9607843137254903,3.8227848101265822,1.2911392405063291
run_05,70,267.0,142.0,109.0,1.880281690140845,2.44954128440367,1.3027522935779816
run_05,80,341.0,177.0,133.0,1.926553672316384,2.56390977443609,1.330827067669173
run_05,90,420.0,6205.0,126.0,0.06768734891216761,3.3333333333333335,49.24603174603175
run_05,100,397.0,201.0,150.0,1.9751243781094527,2.6466666666666665,1.34
run_06,10,35.0,21.0,14.0,1.6666666666666667,2.5,1.5
run_06,20,72.0,34.0,26.0,2.1176470588235294,2.769230769230769,1.3076923076923077
run_06,30,108.0,49.0,37.0,2.204081632653061,2.918918918918919,1.3243243243243243
run_06,40,140.0,64.0,57.0,2.1875,2.456140350877193,1.1228070175438596
run_06,50,177.0,92.0,72.0,1.923913043478261,2.4583333333333335,1.2777777777777777
run_06,60,239.0,118.0,87.0,2.0254237288135593,2.7471264367816093,1.3563218390804597
run_06,70,279.0,138.0,102.0,2.0217391304347827,2.735294117647059,1.3529411764705883
run_06,80,317.0,159.0,121.0,1.9937106918238994,2.6198347107438016,1.3140495867768596
run_06,90,359.0,179.0,133.0,2.005586592178771,2.699248120300752,1.3458646616541354
run_06,100,395.0,199.0,148.0,1.984924623115578,2.668918918918919,1.3445945945945945
run_07,10,34.0,20.0,13.0,1.7,2.6153846153846154,1.5384615384615385
run_07,20,67.0,31.0,24.0,2.161290322580645,2.7916666666666665,1.2916666666666667
run_07,30,100.0,50.0,39.0,2.0,2.5641025641025643,1.2820512820512822
run_07,40,144.0,72.0,70.0,2.0,2.057142857142857,1.0285714285714285
run_07,50,189.0,106.0,83.0,1.7830188679245282,2.2771084337349397,1.2771084337349397
run_07,60,259.0,140.0,102.0,1.85,2.5392156862745097,1.3725490196078431
run_07,70,289.0,137.0,103.0,2.1094890510948905,2.8058252427184467,1.3300970873786409
run_07,80,302.0,154.0,117.0,1.9610389610389611,2.5811965811965814,1.3162393162393162
run_07,90,334.0,166.0,130.0,2.0120481927710845,2.5692307692307694,1.2769230769230768
run_07,100,368.0,185.0,151.0,1.9891891891891893,2.437086092715232,1.2251655629139073
run_08,10,37.0,22.0,15.0,1.6818181818181819,2.466666666666667,1.4666666666666666
run_08,20,73.0,39.0,29.0,1.8717948717948718,2.5172413793103448,1.3448275862068966
run_08,30,110.0,55.0,40.0,2.0,2.75,1.375
run_08,40,146.0,74.0,65.0,1.972972972972973,2.246153846153846,1.1384615384615384
run_08,50,187.0,109.0,84.0,1.7155963302752293,2.2261904761904763,1.2976190476190477
run_08,60,240.0,113.0,86.0,2.1238938053097347,2.7906976744186047,1.313953488372093
run_08,70,253.0,128.0,100.0,1.9765625,2.53,1.28
run_08,80,293.0,145.0,113.0,2.0206896551724136,2.5929203539823007,1.2831858407079646
run_08,90,328.0,164.0,128.0,2.0,2.5625,1.28125
run_08,100,365.0,184.0,144.0,1.983695652173913,2.5347222222222223,1.2777777777777777
run_09,10,34.0,21.0,13.0,1.619047619047619,2.6153846153846154,1.6153846153846154
run_09,20,71.0,33.0,25.0,2.1515151515151514,2.84,1.32
run_09,30,112.0,55.0,45.0,2.036363636363636,2.488888888888889,1.2222222222222223
run_09,40,157.0,86.0,69.0,1.8255813953488371,2.2753623188405796,1.2463768115942029
run_09,50,198.0,102.0,85.0,1.9411764705882353,2.3294117647058825,1.2
run_09,60,279.0,138.0,90.0,2.0217391304347827,3.1,1.5333333333333334
run_09,70,258.0,136.0,101.0,1.8970588235294117,2.5544554455445545,1.3465346534653466
run_09,80,321.0,156.0,116.0,2.0576923076923075,2.7672413793103448,1.3448275862068966
run_09,90,354.0,172.0,134.0,2.058139534883721,2.6417910447761193,1.2835820895522387
run_09,100,391.0,193.0,147.0,2.0259067357512954,2.6598639455782314,1.3129251700680271
run_10,10,34.0,21.0,13.0,1.619047619047619,2.6153846153846154,1.6153846153846154
run_10,20,71.0,32.0,25.0,2.21875,2.84,1.28
run_10,30,103.0,47.0,36.0,2.1914893617021276,2.861111111111111,1.3055555555555556
run_10,40,137.0,62.0,56.0,2.2096774193548385,2.4464285714285716,1.1071428571428572
run_10,50,171.0,88.0,69.0,1.9431818181818181,2.4782608695652173,1.2753623188405796
run_10,60,231.0,112.0,84.0,2.0625,2.75,1.3333333333333333
run_10,70,270.0,131.0,98.0,2.0610687022900764,2.7551020408163267,1.336734693877551
run_10,80,308.0,152.0,114.0,2.026315789473684,2.7017543859649122,1.3333333333333333
run_10,90,350.0,172.0,130.0,2.0348837209302326,2.6923076923076925,1.323076923076923
run_10,100,388.0,193.0,144.0,2.010362694300518,2.6944444444444446,1.3402777777777777
