run,method,dataset_size,runtime_s
run_01,DAPSO,500,45.0
run_01,PSO,500,62.0
run_01,DAPSO,1000,69.0
run_01,PSO,1000,136.0
run_01,DAPSO,1500,102.0
run_01,PSO,1500,208.0
run_01,DAPSO,2000,133.0
run_01,PSO,2000,281.0
run_01,DAPSO,2500,166.0
run_01,PSO,2500,349.0
run_01,DAPSO,3000,198.0
run_01,PSO,3000,425.0
run_01,DAPSO,3500,234.0
run_01,PSO,3500,492.0
run_01,DAPSO,4000,266.0
run_01,PSO,4000,564.0
run_01,DAPSO,4500,304.0
run_01,PSO,4500,652.0
run_01,DAPSO,5000,336.0
run_01,PSO,5000,721.0
run_02,DAPSO,500,46.0
run_02,PSO,500,61.0
run_02,DAPSO,1000,72.0
run_02,PSO,1000,142.0
run_02,DAPSO,1500,107.0
run_02,PSO,1500,212.0
run_02,DAPSO,2000,138.0
run_02,PSO,2000,292.0
run_02,DAPSO,2500,167.0
run_02,PSO,2500,353.0
run_02,DAPSO,3000,204.0
run_02,PSO,3000,439.0
run_02,DAPSO,3500,232.0
run_02,PSO,3500,493.0
run_02,DAPSO,4000,275.0
run_02,PSO,4000,563.0
run_02,DAPSO,4500,302.0
run_02,PSO,4500,655.0
run_02,DAPSO,5000,351.0
run_02,PSO,5000,734.0
run_03,DAPSO,500,47.0
run_03,PSO,500,59.0
run_03,DAPSO,1000,68.0
run_03,PSO,1000,137.0
run_03,DAPSO,1500,97.0
run_03,PSO,1500,204.0
run_03,DAPSO,2000,138.0
run_03,PSO,2000,261.0
run_03,DAPSO,2500,161.0
run_03,PSO,2500,337.0
run_03,DAPSO,3000,217.0
run_03,PSO,3000,421.0
run_03,DAPSO,3500,232.0
run_03,PSO,3500,489.0
run_03,DAPSO,4000,248.0
run_03,PSO,4000,532.0
run_03,DAPSO,4500,288.0
run_03,PSO,4500,598.0
run_03,DAPSO,5000,311.0
run_03,PSO,5000,672.0
run_04,DAPSO,500,41.0
run_04,PSO,500,55.0
run_04,DAPSO,1000,62.0
run_04,PSO,1000,124.0
run_04,DAPSO,1500,95.0
run_04,PSO,1500,195.0
run_04,DAPSO,2000,116.0
run_04,PSO,2000,266.0
run_04,DAPSO,2500,144.0
run_04,PSO,2500,307.0
run_04,DAPSO,3000,172.0
run_04,PSO,3000,378.0
run_04,DAPSO,3500,204.0
run_04,PSO,3500,442.0
run_04,DAPSO,4000,232.0
run_04,PSO,4000,507.0
run_04,DAPSO,4500,263.0
run_04,PSO,4500,556.0
run_04,DAPSO,5000,275.0
run_04,PSO,5000,633.0
run_05,DAPSO,500,37.0
run_05,PSO,500,50.0
run_05,DAPSO,1000,57.0
run_05,PSO,1000,114.0
run_05,DAPSO,1500,82.0
run_05,PSO,1500,169.0
run_05,DAPSO,2000,105.0
run_05,PSO,2000,223.0
run_05,DAPSO,2500,126.0
run_05,PSO,2500,276.0
run_05,DAPSO,3000,152.0
run_05,PSO,3000,331.0
run_05,DAPSO,3500,178.0
run_05,PSO,3500,397.0
run_05,DAPSO,4000,204.0
run_05,PSO,4000,446.0
run_05,DAPSO,4500,231.0
run_05,PSO,4500,496.0
run_05,DAPSO,5000,254.0
run_05,PSO,5000,560.0
run_06,DAPSO,500,37.0
run_06,PSO,500,49.0
run_06,DAPSO,1000,57.0
run_06,PSO,1000,117.0
run_06,DAPSO,1500,82.0
run_06,PSO,1500,201.0
run_06,DAPSO,2000,109.0
run_06,PSO,2000,275.0
run_06,DAPSO,2500,133.0
run_06,PSO,2500,342.0
run_06,DAPSO,3000,163.0
run_06,PSO,3000,413.0
run_06,DAPSO,3500,186.0
run_06,PSO,3500,484.0
run_06,DAPSO,4000,213.0
run_06,PSO,4000,549.0
run_06,DAPSO,4500,243.0
run_06,PSO,4500,632.0
run_06,DAPSO,5000,271.0
run_06,PSO,5000,698.0
run_07,DAPSO,500,36.0
run_07,PSO,500,51.0
run_07,DAPSO,1000,56.0
run_07,PSO,1000,116.0
run_07,DAPSO,1500,83.0
run_07,PSO,1500,174.0
run_07,DAPSO,2000,108.0
run_07,PSO,2000,229.0
run_07,DAPSO,2500,131.0
run_07,PSO,2500,286.0
run_07,DAPSO,3000,162.0
run_07,PSO,3000,347.0
run_07,DAPSO,3500,188.0
run_07,PSO,3500,409.0
run_07,DAPSO,4000,214.0
run_07,PSO,4000,466.0
run_07,DAPSO,4500,245.0
run_07,PSO,4500,527.0
run_07,DAPSO,5000,273.0
run_07,PSO,5000,588.0
run_08,DAPSO,500,36.0
run_08,PSO,500,49.0
run_08,DAPSO,1000,54.0
run_08,PSO,1000,109.0
run_08,DAPSO,1500,78.0
run_08,PSO,1500,164.0
run_08,DAPSO,2000,103.0
run_08,PSO,2000,218.0
run_08,DAPSO,2500,127.0
run_08,PSO,2500,275.0
run_08,DAPSO,3000,152.0
run_08,PSO,3000,328.0
run_08,DAPSO,3500,177.0
run_08,PSO,3500,390.0
run_08,DAPSO,4000,203.0
run_08,PSO,4000,440.0
run_08,DAPSO,4500,229.0
run_08,PSO,4500,499.0
run_08,DAPSO,5000,255.0
run_08,PSO,5000,556.0
run_09,DAPSO,500,36.0
run_09,PSO,500,50.0
run_09,DAPSO,1000,57.0
run_09,PSO,1000,117.0
run_09,DAPSO,1500,82.0
run_09,PSO,1500,170.0
run_09,DAPSO,2000,106.0
run_09,PSO,2000,227.0
run_09,DAPSO,2500,133.0
run_09,PSO,2500,284.0
run_09,DAPSO,3000,162.0
run_09,PSO,3000,342.0
run_09,DAPSO,3500,186.0
run_09,PSO,3500,403.0
run_09,DAPSO,4000,213.0
run_09,PSO,4000,461.0
run_09,DAPSO,4500,243.0
run_09,PSO,4500,522.0
run_09,DAPSO,5000,272.0
run_09,PSO,5000,581.0
run_10,DAPSO,500,35.0
run_10,PSO,500,49.0
run_10,DAPSO,1000,56.0
run_10,PSO,1000,111.0
run_10,DAPSO,1500,78.0
run_10,PSO,1500,163.0
run_10,DAPSO,2000,101.0
run_10,PSO,2000,215.0
run_10,DAPSO,2500,126.0
run_10,PSO,2500,265.0
run_10,DAPSO,3000,152.0
run_10,PSO,3000,321.0
run_10,DAPSO,3500,176.0
run_10,PSO,3500,381.0
run_10,DAPSO,4000,199.0
run_10,PSO,4000,433.0
run_10,DAPSO,4500,231.0
run_10,PSO,4500,487.0
run_10,DAPSO,5000,253.0
run_10,PSO,5000,550.0
